-- phpMyAdmin SQL Dump
-- version 4.9.1
-- https://www.phpmyadmin.net/
--
-- Host: 127.0.0.1
-- Generation Time: Feb 21, 2020 at 03:22 PM
-- Server version: 10.4.8-MariaDB
-- PHP Version: 7.3.11

SET SQL_MODE = "NO_AUTO_VALUE_ON_ZERO";
SET AUTOCOMMIT = 0;
START TRANSACTION;
SET time_zone = "+00:00";


/*!40101 SET @OLD_CHARACTER_SET_CLIENT=@@CHARACTER_SET_CLIENT */;
/*!40101 SET @OLD_CHARACTER_SET_RESULTS=@@CHARACTER_SET_RESULTS */;
/*!40101 SET @OLD_COLLATION_CONNECTION=@@COLLATION_CONNECTION */;
/*!40101 SET NAMES utf8mb4 */;

--
-- Database: `skripsi`
--

-- --------------------------------------------------------

--
-- Table structure for table `field_tambahan`
--

CREATE TABLE `field_tambahan` (
  `id` varchar(255) NOT NULL,
  `nama` varchar(255) DEFAULT NULL,
  `value` longtext DEFAULT NULL
) ENGINE=MyISAM DEFAULT CHARSET=utf8;

--
-- Dumping data for table `field_tambahan`
--

INSERT INTO `field_tambahan` (`id`, `nama`, `value`) VALUES
('check-urgent-info', 'Check Urgent Info', '{\"info\":\"\",\"last_check\":\"2020-02-18 21:38:27\"}'),
('history-mengerjakan-2-2', 'History pengerjaan tugas', '{\"mulai\":\"2020-02-19 19:31:10\",\"uri_string\":\"tugas\\/kerjakan\\/2\",\"valid_route\":[\"\\/tugas\\/kerjakan\",\"\\/tugas\\/finish\",\"\\/tugas\\/submit_essay\",\"\\/tugas\\/submit_upload\"],\"tugas\":{\"id\":\"2\",\"mapel_id\":\"5\",\"pengajar_id\":\"8\",\"type_id\":\"1\",\"judul\":\"Membuat peta brebes\",\"durasi\":null,\"info\":\"\",\"aktif\":\"1\",\"tgl_buat\":\"2020-02-18 21:45:11\",\"tampil_siswa\":\"1\"},\"unix_id\":\"9a6fe453cda32a7e4b0a1e4f6d427d57720038\",\"ip\":\"::1\",\"agent_string\":\"Mozilla\\/5.0 (Windows NT 10.0; Win64; x64) AppleWebKit\\/537.36 (KHTML, like Gecko) Chrome\\/70.0.3538.102 Safari\\/537.36 Edge\\/18.18362\",\"file_name\":\"9a6fe453cda32a7e4b0a1e4f6d427d57720038.pdf\",\"tgl_submit\":\"2020-02-19 19:31:30\",\"nilai\":\"85\"}');

-- --------------------------------------------------------

--
-- Table structure for table `kelas`
--

CREATE TABLE `kelas` (
  `id` int(11) NOT NULL,
  `nama` varchar(45) NOT NULL,
  `parent_id` int(11) DEFAULT NULL,
  `urutan` int(11) NOT NULL,
  `aktif` tinyint(1) NOT NULL DEFAULT 1 COMMENT '1=aktif 0=tidak'
) ENGINE=MyISAM DEFAULT CHARSET=utf8;

--
-- Dumping data for table `kelas`
--

INSERT INTO `kelas` (`id`, `nama`, `parent_id`, `urutan`, `aktif`) VALUES
(1, 'KELAS X', NULL, 1, 1),
(2, 'KELAS X - MIPA 1', 1, 2, 1),
(3, 'KELAS X - MIPA 2', 1, 3, 1),
(4, 'KELAS X - IPS 1', 1, 5, 1),
(5, 'KELAS X - IPS 2', 1, 6, 1),
(6, 'KELAS XI', NULL, 8, 1),
(7, 'KELAS XI - MIPA 1', 6, 9, 1),
(8, 'KELAS XI - MIPA 2', 6, 10, 1),
(9, 'KELAS XI - IPS 1', 6, 11, 1),
(10, 'KELAS XI - IPS 2', 6, 12, 1),
(11, 'KELAS XII', NULL, 14, 1),
(12, 'KELAS XII - MIPA 1', 11, 15, 1),
(13, 'KELAS XII - MIPA 2', 11, 16, 1),
(14, 'KELAS XII - IPS 1', 11, 17, 1),
(15, 'KELAS XII - IPS 2', 11, 18, 1),
(16, 'KELAS X - IPS 3', 1, 7, 1),
(17, 'KELAS XI - IPS 3', 6, 13, 1),
(18, 'KELAS XII - IPS 3', 11, 19, 1),
(19, 'KELAS X - MIPA 3', 1, 4, 1);

-- --------------------------------------------------------

--
-- Table structure for table `kelas_siswa`
--

CREATE TABLE `kelas_siswa` (
  `id` int(11) NOT NULL,
  `kelas_id` int(11) NOT NULL,
  `siswa_id` int(11) NOT NULL,
  `aktif` tinyint(1) NOT NULL COMMENT '0 jika bukan, 1 jika ya'
) ENGINE=MyISAM DEFAULT CHARSET=utf8;

--
-- Dumping data for table `kelas_siswa`
--

INSERT INTO `kelas_siswa` (`id`, `kelas_id`, `siswa_id`, `aktif`) VALUES
(1, 2, 1, 1),
(2, 4, 2, 1);

-- --------------------------------------------------------

--
-- Table structure for table `komentar`
--

CREATE TABLE `komentar` (
  `id` int(11) NOT NULL,
  `login_id` int(11) NOT NULL,
  `materi_id` int(11) NOT NULL,
  `tampil` tinyint(1) NOT NULL DEFAULT 1 COMMENT '0=tidak,1=tampil',
  `konten` text DEFAULT NULL,
  `tgl_posting` datetime DEFAULT NULL
) ENGINE=MyISAM DEFAULT CHARSET=utf8;

-- --------------------------------------------------------

--
-- Table structure for table `login`
--

CREATE TABLE `login` (
  `id` int(11) NOT NULL,
  `username` varchar(255) NOT NULL,
  `password` varchar(255) NOT NULL,
  `siswa_id` int(11) DEFAULT NULL,
  `pengajar_id` int(11) DEFAULT NULL,
  `is_admin` tinyint(1) NOT NULL COMMENT '0=tidak,1=ya',
  `reset_kode` varchar(255) DEFAULT NULL
) ENGINE=MyISAM DEFAULT CHARSET=utf8;

--
-- Dumping data for table `login`
--

INSERT INTO `login` (`id`, `username`, `password`, `siswa_id`, `pengajar_id`, `is_admin`, `reset_kode`) VALUES
(1, 'zakaria@gmail.com', '98419173119a1cb6a2952a8a6bc3503f', NULL, 1, 1, NULL),
(2, 'lutfi@g.com', 'cdb0b6889f4def26f43951b2d5b7a9e3', 1, NULL, 0, NULL),
(3, 'pengajar@g.com', '696ed7534349804cf5050ae88bc994ba', NULL, 2, 0, NULL),
(4, 'adela@g.com', 'bbad14bc2a2ddb9244a72058cddf15cb', 2, NULL, 0, NULL),
(5, 'munawir@g.com', 'e1e268820fec74f7ce4596e4a853b8ec', NULL, 3, 0, NULL),
(6, 'farido@g.com', '03cd8b65557de14a4237af6eda9dd820', NULL, 4, 0, NULL),
(7, 'suprapto@g.com', 'beb204ded84ba984ee5b74f4f4bcf9f2', NULL, 5, 0, NULL),
(8, 'abdulloh@g.com', '26d264686fbe788b52cae3aee501d2e9', NULL, 6, 0, NULL),
(9, 'rokhani@g.com', '4052a3f68578e80fa6ae9935d6047a3c', NULL, 7, 0, NULL),
(10, 'sigit@g.com', '223a0fa8f15933d622b3c7a13f186027', NULL, 8, 0, NULL),
(11, 'taukhid@g.com', 'd387938dd9cb281ebd254341acb50a5c', NULL, 9, 0, NULL),
(12, 'endarti@g.com', '8238deb047e31d75dd72440e20b443da', NULL, 10, 0, NULL),
(13, 'dani@g.com', '55b7e8b895d047537e672250dd781555', NULL, 11, 0, NULL),
(14, 'ely@g.com', '487f3ba54ebe6bd564f333870902437d', NULL, 12, 0, NULL),
(15, 'taufik@g.com', 'd4305d7ed2ec97107cd6eb8dd4b6f6b7', NULL, 13, 0, NULL),
(16, 'fatchurohman@g.com', '52ae3e1c0d2c0c8ced4f965bd814b769', NULL, 14, 0, NULL),
(17, 'dedi@g.com', 'c5897fbcc14ddcf30dca31b2735c3d7e', NULL, 15, 0, NULL),
(18, 'fithria@g.com', 'a6bf8e4898168b2c5a1307811399f06b', NULL, 16, 0, NULL),
(19, 'umdatul@g.com', 'd58bef6df053256f6ad1efa67bc162f2', NULL, 17, 0, NULL),
(20, 'nova@g.com', '1a9c91f6e0310d4f55b7ee7f22c2c9df', NULL, 18, 0, NULL),
(21, 'masrukhi@g.com', 'b78cf05f57ffabdf4f9d46c84d11ffce', NULL, 19, 0, NULL),
(22, 'agus@g.com', 'fdf169558242ee051cca1479770ebac3', NULL, 20, 0, NULL),
(23, 'teguh@g.com', 'f5cd3a020bc94866049206a7cf14e266', NULL, 21, 0, NULL),
(24, 'andhi@g.com', '64a943c58735691db2f27d14ef66b93c', NULL, 22, 0, NULL),
(25, 'arif@g.com', '0ff6c3ace16359e41e37d40b8301d67f', NULL, 23, 0, NULL),
(26, 'efie@g.com', '9a6a56ed03598d61fb201b4d759e783f', NULL, 24, 0, NULL),
(27, 'sulistiani@g.com', '41689687caa8b1733abcdefc4a0a3601', NULL, 25, 0, NULL),
(28, 'marseno@g.com', '9e9aeef9105376229ffefca7c0b2e824', NULL, 26, 0, NULL),
(29, 'rikhanah@g.com', 'c823eb7000309ec6f66fd95b65135935', NULL, 27, 0, NULL),
(30, 'ismiati@g.com', '63f12aad94ba9e26f7cab894a58dd312', NULL, 28, 0, NULL),
(31, 'riyanto@g.com', 'f9a415dae47dc83e3e878e76aab250f5', NULL, 29, 0, NULL),
(32, 'sopani@g.com', 'd9fa636346b2d807754ad8d7a6a00e1d', NULL, 30, 0, NULL),
(33, 'angga@g.com', '8479c86c7afcb56631104f5ce5d6de62', NULL, 31, 0, NULL),
(34, 'risa@g.com', '735c9c3675eaba16bfbec5913174067e', NULL, 32, 0, NULL),
(35, 'puji@g.com', 'f5e4b33c633b204ea454d36543559011', NULL, 33, 0, NULL),
(36, 'fristia@g.com', '5e7bcab585f7cb0356defa31f3a31ae8', NULL, 34, 0, NULL),
(37, 'hery@g.com', '11357611cb1b43ff3138d1eba068644b', NULL, 35, 0, NULL),
(38, 'frida@g.com', 'f60834ce35581c434a68022f2e84f796', NULL, 36, 0, NULL),
(39, 'dina@g.com', 'e274648aed611371cf5c30a30bbe1d65', NULL, 37, 0, NULL),
(40, 'anwar@g.com', '46d923d9b44b8aaaf3179c5f6f7adf81', NULL, 38, 0, NULL),
(41, 'adi@g.com', 'c46335eb267e2e1cde5b017acb4cd799', NULL, 39, 0, NULL),
(42, 'priyo@g.com', '9e8971e1cbf2fbd9eb7646075a4386f3', NULL, 40, 0, NULL),
(43, 'ali@g.com', '86318e52f5ed4801abe1d13d509443de', NULL, 41, 0, NULL),
(44, 'purwanto@g.com', 'ba1466ee453e1198e27dabdbbb0501ad', NULL, 42, 0, NULL),
(45, 'rubba@g.com', 'd13d2278c8a609cb860757759dd76169', NULL, 43, 0, NULL),
(46, 'putri@g.com', '4093fed663717c843bea100d17fb67c8', NULL, 44, 0, NULL),
(47, 'ade@g.com', 'a562cfa07c2b1213b3a5c99b756fc206', NULL, 45, 0, NULL),
(48, 'nurohman@g.com', 'effa46f5a3f9880f7d8696e20ffdf127', NULL, 46, 0, NULL),
(49, 'a@g.com', '827ccb0eea8a706c4c34a16891f84e7b', NULL, 47, 0, NULL),
(50, 'contoh@g.com', '4553eb3ff328b4868a7a1e6e53cd28b4', 3, NULL, 0, NULL);

-- --------------------------------------------------------

--
-- Table structure for table `login_log`
--

CREATE TABLE `login_log` (
  `id` int(11) NOT NULL,
  `login_id` int(11) NOT NULL,
  `lasttime` datetime NOT NULL,
  `agent` text NOT NULL,
  `last_activity` int(10) UNSIGNED DEFAULT NULL
) ENGINE=MyISAM DEFAULT CHARSET=utf8;

--
-- Dumping data for table `login_log`
--

INSERT INTO `login_log` (`id`, `login_id`, `lasttime`, `agent`, `last_activity`) VALUES
(1, 1, '2020-02-17 02:27:05', '{\"is_mobile\":0,\"browser\":\"Chrome 79.0.3945.130\",\"platform\":\"Unknown Windows OS\",\"agent_string\":\"Mozilla\\/5.0 (Windows NT 10.0; Win64; x64) AppleWebKit\\/537.36 (KHTML, like Gecko) Chrome\\/79.0.3945.130 Safari\\/537.36\",\"ip\":\"::1\"}', 1581882064),
(2, 1, '2020-02-17 02:43:29', '{\"is_mobile\":0,\"browser\":\"Chrome 79.0.3945.130\",\"platform\":\"Unknown Windows OS\",\"agent_string\":\"Mozilla\\/5.0 (Windows NT 10.0; Win64; x64) AppleWebKit\\/537.36 (KHTML, like Gecko) Chrome\\/79.0.3945.130 Safari\\/537.36\",\"ip\":\"::1\"}', 1581882189),
(3, 1, '2020-02-17 02:45:37', '{\"is_mobile\":0,\"browser\":\"Chrome 79.0.3945.130\",\"platform\":\"Unknown Windows OS\",\"agent_string\":\"Mozilla\\/5.0 (Windows NT 10.0; Win64; x64) AppleWebKit\\/537.36 (KHTML, like Gecko) Chrome\\/79.0.3945.130 Safari\\/537.36\",\"ip\":\"::1\"}', 1581882225),
(4, 13, '2020-02-17 02:45:49', '{\"is_mobile\":0,\"browser\":\"Chrome 79.0.3945.130\",\"platform\":\"Unknown Windows OS\",\"agent_string\":\"Mozilla\\/5.0 (Windows NT 10.0; Win64; x64) AppleWebKit\\/537.36 (KHTML, like Gecko) Chrome\\/79.0.3945.130 Safari\\/537.36\",\"ip\":\"::1\"}', 1581882238),
(5, 1, '2020-02-17 02:46:18', '{\"is_mobile\":0,\"browser\":\"Chrome 79.0.3945.130\",\"platform\":\"Unknown Windows OS\",\"agent_string\":\"Mozilla\\/5.0 (Windows NT 10.0; Win64; x64) AppleWebKit\\/537.36 (KHTML, like Gecko) Chrome\\/79.0.3945.130 Safari\\/537.36\",\"ip\":\"::1\"}', 1581883058),
(6, 1, '2020-02-17 02:59:52', '{\"is_mobile\":0,\"browser\":\"Chrome 79.0.3945.130\",\"platform\":\"Unknown Windows OS\",\"agent_string\":\"Mozilla\\/5.0 (Windows NT 10.0; Win64; x64) AppleWebKit\\/537.36 (KHTML, like Gecko) Chrome\\/79.0.3945.130 Safari\\/537.36\",\"ip\":\"::1\"}', 1581883110),
(7, 2, '2020-02-17 03:00:53', '{\"is_mobile\":0,\"browser\":\"Chrome 79.0.3945.130\",\"platform\":\"Unknown Windows OS\",\"agent_string\":\"Mozilla\\/5.0 (Windows NT 10.0; Win64; x64) AppleWebKit\\/537.36 (KHTML, like Gecko) Chrome\\/79.0.3945.130 Safari\\/537.36\",\"ip\":\"::1\"}', 1581883382),
(8, 2, '2020-02-17 03:02:15', '{\"is_mobile\":0,\"browser\":\"Chrome 70.0.3538.102\",\"platform\":\"Unknown Windows OS\",\"agent_string\":\"Mozilla\\/5.0 (Windows NT 10.0; Win64; x64) AppleWebKit\\/537.36 (KHTML, like Gecko) Chrome\\/70.0.3538.102 Safari\\/537.36 Edge\\/18.18362\",\"ip\":\"::1\"}', NULL),
(9, 1, '2020-02-17 03:03:04', '{\"is_mobile\":0,\"browser\":\"Chrome 70.0.3538.102\",\"platform\":\"Unknown Windows OS\",\"agent_string\":\"Mozilla\\/5.0 (Windows NT 10.0; Win64; x64) AppleWebKit\\/537.36 (KHTML, like Gecko) Chrome\\/70.0.3538.102 Safari\\/537.36 Edge\\/18.18362\",\"ip\":\"::1\"}', 1581883312),
(10, 1, '2020-02-17 03:05:13', '{\"is_mobile\":0,\"browser\":\"Chrome 79.0.3945.130\",\"platform\":\"Unknown Windows OS\",\"agent_string\":\"Mozilla\\/5.0 (Windows NT 10.0; Win64; x64) AppleWebKit\\/537.36 (KHTML, like Gecko) Chrome\\/79.0.3945.130 Safari\\/537.36\",\"ip\":\"::1\"}', 1581883460),
(11, 13, '2020-02-17 03:06:26', '{\"is_mobile\":0,\"browser\":\"Chrome 79.0.3945.130\",\"platform\":\"Unknown Windows OS\",\"agent_string\":\"Mozilla\\/5.0 (Windows NT 10.0; Win64; x64) AppleWebKit\\/537.36 (KHTML, like Gecko) Chrome\\/79.0.3945.130 Safari\\/537.36\",\"ip\":\"::1\"}', 1581883501),
(12, 2, '2020-02-17 03:07:07', '{\"is_mobile\":0,\"browser\":\"Chrome 79.0.3945.130\",\"platform\":\"Unknown Windows OS\",\"agent_string\":\"Mozilla\\/5.0 (Windows NT 10.0; Win64; x64) AppleWebKit\\/537.36 (KHTML, like Gecko) Chrome\\/79.0.3945.130 Safari\\/537.36\",\"ip\":\"::1\"}', 1581883523),
(13, 1, '2020-02-17 03:08:12', '{\"is_mobile\":0,\"browser\":\"Chrome 79.0.3945.130\",\"platform\":\"Unknown Windows OS\",\"agent_string\":\"Mozilla\\/5.0 (Windows NT 10.0; Win64; x64) AppleWebKit\\/537.36 (KHTML, like Gecko) Chrome\\/79.0.3945.130 Safari\\/537.36\",\"ip\":\"::1\"}', 1581884407),
(14, 13, '2020-02-17 03:22:22', '{\"is_mobile\":0,\"browser\":\"Chrome 70.0.3538.102\",\"platform\":\"Unknown Windows OS\",\"agent_string\":\"Mozilla\\/5.0 (Windows NT 10.0; Win64; x64) AppleWebKit\\/537.36 (KHTML, like Gecko) Chrome\\/70.0.3538.102 Safari\\/537.36 Edge\\/18.18362\",\"ip\":\"::1\"}', 1581884429),
(15, 1, '2020-02-17 03:22:55', '{\"is_mobile\":0,\"browser\":\"Chrome 70.0.3538.102\",\"platform\":\"Unknown Windows OS\",\"agent_string\":\"Mozilla\\/5.0 (Windows NT 10.0; Win64; x64) AppleWebKit\\/537.36 (KHTML, like Gecko) Chrome\\/70.0.3538.102 Safari\\/537.36 Edge\\/18.18362\",\"ip\":\"::1\"}', 1581884576),
(16, 13, '2020-02-17 03:23:20', '{\"is_mobile\":0,\"browser\":\"Chrome 79.0.3945.130\",\"platform\":\"Unknown Windows OS\",\"agent_string\":\"Mozilla\\/5.0 (Windows NT 10.0; Win64; x64) AppleWebKit\\/537.36 (KHTML, like Gecko) Chrome\\/79.0.3945.130 Safari\\/537.36\",\"ip\":\"::1\"}', 1581884533),
(17, 36, '2020-02-17 03:24:20', '{\"is_mobile\":0,\"browser\":\"Chrome 79.0.3945.130\",\"platform\":\"Unknown Windows OS\",\"agent_string\":\"Mozilla\\/5.0 (Windows NT 10.0; Win64; x64) AppleWebKit\\/537.36 (KHTML, like Gecko) Chrome\\/79.0.3945.130 Safari\\/537.36\",\"ip\":\"::1\"}', 1581884574),
(18, 1, '2020-02-17 03:25:10', '{\"is_mobile\":0,\"browser\":\"Chrome 79.0.3945.130\",\"platform\":\"Unknown Windows OS\",\"agent_string\":\"Mozilla\\/5.0 (Windows NT 10.0; Win64; x64) AppleWebKit\\/537.36 (KHTML, like Gecko) Chrome\\/79.0.3945.130 Safari\\/537.36\",\"ip\":\"::1\"}', 1581884721),
(19, 1, '2020-02-17 19:44:50', '{\"is_mobile\":0,\"browser\":\"Chrome 79.0.3945.130\",\"platform\":\"Unknown Windows OS\",\"agent_string\":\"Mozilla\\/5.0 (Windows NT 10.0; Win64; x64) AppleWebKit\\/537.36 (KHTML, like Gecko) Chrome\\/79.0.3945.130 Safari\\/537.36\",\"ip\":\"::1\"}', 1581960176),
(20, 1, '2020-02-18 17:28:44', '{\"is_mobile\":0,\"browser\":\"Chrome 79.0.3945.130\",\"platform\":\"Unknown Windows OS\",\"agent_string\":\"Mozilla\\/5.0 (Windows NT 10.0; Win64; x64) AppleWebKit\\/537.36 (KHTML, like Gecko) Chrome\\/79.0.3945.130 Safari\\/537.36\",\"ip\":\"::1\"}', 1582031642),
(21, 1, '2020-02-18 20:16:24', '{\"is_mobile\":0,\"browser\":\"Chrome 79.0.3945.130\",\"platform\":\"Unknown Windows OS\",\"agent_string\":\"Mozilla\\/5.0 (Windows NT 10.0; Win64; x64) AppleWebKit\\/537.36 (KHTML, like Gecko) Chrome\\/79.0.3945.130 Safari\\/537.36\",\"ip\":\"::1\"}', 1582036687),
(22, 1, '2020-02-18 21:38:25', '{\"is_mobile\":0,\"browser\":\"Chrome 79.0.3945.130\",\"platform\":\"Unknown Windows OS\",\"agent_string\":\"Mozilla\\/5.0 (Windows NT 10.0; Win64; x64) AppleWebKit\\/537.36 (KHTML, like Gecko) Chrome\\/79.0.3945.130 Safari\\/537.36\",\"ip\":\"::1\"}', 1582036854),
(23, 10, '2020-02-18 21:43:02', '{\"is_mobile\":0,\"browser\":\"Chrome 79.0.3945.130\",\"platform\":\"Unknown Windows OS\",\"agent_string\":\"Mozilla\\/5.0 (Windows NT 10.0; Win64; x64) AppleWebKit\\/537.36 (KHTML, like Gecko) Chrome\\/79.0.3945.130 Safari\\/537.36\",\"ip\":\"::1\"}', 1582036997),
(24, 10, '2020-02-18 21:45:34', '{\"is_mobile\":0,\"browser\":\"Chrome 79.0.3945.130\",\"platform\":\"Unknown Windows OS\",\"agent_string\":\"Mozilla\\/5.0 (Windows NT 10.0; Win64; x64) AppleWebKit\\/537.36 (KHTML, like Gecko) Chrome\\/79.0.3945.130 Safari\\/537.36\",\"ip\":\"::1\"}', 1582039825),
(25, 4, '2020-02-18 21:45:49', '{\"is_mobile\":0,\"browser\":\"Chrome 70.0.3538.102\",\"platform\":\"Unknown Windows OS\",\"agent_string\":\"Mozilla\\/5.0 (Windows NT 10.0; Win64; x64) AppleWebKit\\/537.36 (KHTML, like Gecko) Chrome\\/70.0.3538.102 Safari\\/537.36 Edge\\/18.18362\",\"ip\":\"::1\"}', 1582039927),
(26, 1, '2020-02-18 22:32:35', '{\"is_mobile\":0,\"browser\":\"Chrome 79.0.3945.130\",\"platform\":\"Unknown Windows OS\",\"agent_string\":\"Mozilla\\/5.0 (Windows NT 10.0; Win64; x64) AppleWebKit\\/537.36 (KHTML, like Gecko) Chrome\\/79.0.3945.130 Safari\\/537.36\",\"ip\":\"::1\"}', 1582057819),
(27, 1, '2020-02-19 16:11:46', '{\"is_mobile\":0,\"browser\":\"Chrome 79.0.3945.130\",\"platform\":\"Unknown Windows OS\",\"agent_string\":\"Mozilla\\/5.0 (Windows NT 10.0; Win64; x64) AppleWebKit\\/537.36 (KHTML, like Gecko) Chrome\\/79.0.3945.130 Safari\\/537.36\",\"ip\":\"::1\"}', 1582117825),
(28, 4, '2020-02-19 19:31:02', '{\"is_mobile\":0,\"browser\":\"Chrome 70.0.3538.102\",\"platform\":\"Unknown Windows OS\",\"agent_string\":\"Mozilla\\/5.0 (Windows NT 10.0; Win64; x64) AppleWebKit\\/537.36 (KHTML, like Gecko) Chrome\\/70.0.3538.102 Safari\\/537.36 Edge\\/18.18362\",\"ip\":\"::1\"}', 1582115887),
(29, 4, '2020-02-19 20:12:30', '{\"is_mobile\":0,\"browser\":\"Chrome 79.0.3945.130\",\"platform\":\"Unknown Windows OS\",\"agent_string\":\"Mozilla\\/5.0 (Windows NT 10.0; Win64; x64) AppleWebKit\\/537.36 (KHTML, like Gecko) Chrome\\/79.0.3945.130 Safari\\/537.36\",\"ip\":\"::1\"}', 1582120047),
(30, 1, '2020-02-19 20:50:50', '{\"is_mobile\":0,\"browser\":\"Chrome 79.0.3945.130\",\"platform\":\"Unknown Windows OS\",\"agent_string\":\"Mozilla\\/5.0 (Windows NT 10.0; Win64; x64) AppleWebKit\\/537.36 (KHTML, like Gecko) Chrome\\/79.0.3945.130 Safari\\/537.36\",\"ip\":\"::1\"}', 1582120149),
(31, 1, '2020-02-19 20:51:41', '{\"is_mobile\":0,\"browser\":\"Chrome 79.0.3945.130\",\"platform\":\"Unknown Windows OS\",\"agent_string\":\"Mozilla\\/5.0 (Windows NT 10.0; Win64; x64) AppleWebKit\\/537.36 (KHTML, like Gecko) Chrome\\/79.0.3945.130 Safari\\/537.36\",\"ip\":\"::1\"}', 1582120198),
(32, 1, '2020-02-19 20:52:12', '{\"is_mobile\":0,\"browser\":\"Chrome 79.0.3945.130\",\"platform\":\"Unknown Windows OS\",\"agent_string\":\"Mozilla\\/5.0 (Windows NT 10.0; Win64; x64) AppleWebKit\\/537.36 (KHTML, like Gecko) Chrome\\/79.0.3945.130 Safari\\/537.36\",\"ip\":\"::1\"}', 1582130187),
(33, 1, '2020-02-20 09:36:19', '{\"is_mobile\":0,\"browser\":\"Chrome 79.0.3945.130\",\"platform\":\"Unknown Windows OS\",\"agent_string\":\"Mozilla\\/5.0 (Windows NT 10.0; Win64; x64) AppleWebKit\\/537.36 (KHTML, like Gecko) Chrome\\/79.0.3945.130 Safari\\/537.36\",\"ip\":\"::1\"}', 1582166399),
(34, 35, '2020-02-20 09:42:11', '{\"is_mobile\":0,\"browser\":\"Chrome 79.0.3945.130\",\"platform\":\"Unknown Windows OS\",\"agent_string\":\"Mozilla\\/5.0 (Windows NT 10.0; Win64; x64) AppleWebKit\\/537.36 (KHTML, like Gecko) Chrome\\/79.0.3945.130 Safari\\/537.36\",\"ip\":\"::1\"}', 1582166795),
(35, 36, '2020-02-20 09:48:52', '{\"is_mobile\":0,\"browser\":\"Chrome 79.0.3945.130\",\"platform\":\"Unknown Windows OS\",\"agent_string\":\"Mozilla\\/5.0 (Windows NT 10.0; Win64; x64) AppleWebKit\\/537.36 (KHTML, like Gecko) Chrome\\/79.0.3945.130 Safari\\/537.36\",\"ip\":\"::1\"}', 1582170758),
(36, 4, '2020-02-20 09:53:21', '{\"is_mobile\":0,\"browser\":\"Chrome 70.0.3538.102\",\"platform\":\"Unknown Windows OS\",\"agent_string\":\"Mozilla\\/5.0 (Windows NT 10.0; Win64; x64) AppleWebKit\\/537.36 (KHTML, like Gecko) Chrome\\/70.0.3538.102 Safari\\/537.36 Edge\\/18.18362\",\"ip\":\"::1\"}', 1582167772),
(37, 22, '2020-02-20 10:04:59', '{\"is_mobile\":0,\"browser\":\"Chrome 70.0.3538.102\",\"platform\":\"Unknown Windows OS\",\"agent_string\":\"Mozilla\\/5.0 (Windows NT 10.0; Win64; x64) AppleWebKit\\/537.36 (KHTML, like Gecko) Chrome\\/70.0.3538.102 Safari\\/537.36 Edge\\/18.18362\",\"ip\":\"::1\"}', 1582173735),
(38, 1, '2020-02-20 10:54:47', '{\"is_mobile\":0,\"browser\":\"Chrome 79.0.3945.130\",\"platform\":\"Unknown Windows OS\",\"agent_string\":\"Mozilla\\/5.0 (Windows NT 10.0; Win64; x64) AppleWebKit\\/537.36 (KHTML, like Gecko) Chrome\\/79.0.3945.130 Safari\\/537.36\",\"ip\":\"::1\"}', 1582173724),
(39, 1, '2020-02-21 14:12:35', '{\"is_mobile\":0,\"browser\":\"Chrome 79.0.3945.130\",\"platform\":\"Unknown Windows OS\",\"agent_string\":\"Mozilla\\/5.0 (Windows NT 10.0; Win64; x64) AppleWebKit\\/537.36 (KHTML, like Gecko) Chrome\\/79.0.3945.130 Safari\\/537.36\",\"ip\":\"::1\"}', 1582279430),
(40, 4, '2020-02-21 14:16:55', '{\"is_mobile\":0,\"browser\":\"Chrome 70.0.3538.102\",\"platform\":\"Unknown Windows OS\",\"agent_string\":\"Mozilla\\/5.0 (Windows NT 10.0; Win64; x64) AppleWebKit\\/537.36 (KHTML, like Gecko) Chrome\\/70.0.3538.102 Safari\\/537.36 Edge\\/18.18362\",\"ip\":\"::1\"}', 1582294929),
(41, 1, '2020-02-21 17:04:08', '{\"is_mobile\":0,\"browser\":\"Chrome 79.0.3945.130\",\"platform\":\"Unknown Windows OS\",\"agent_string\":\"Mozilla\\/5.0 (Windows NT 10.0; Win64; x64) AppleWebKit\\/537.36 (KHTML, like Gecko) Chrome\\/79.0.3945.130 Safari\\/537.36\",\"ip\":\"::1\"}', 1582294772),
(42, 1, '2020-02-21 21:19:43', '{\"is_mobile\":0,\"browser\":\"Chrome 79.0.3945.130\",\"platform\":\"Unknown Windows OS\",\"agent_string\":\"Mozilla\\/5.0 (Windows NT 10.0; Win64; x64) AppleWebKit\\/537.36 (KHTML, like Gecko) Chrome\\/79.0.3945.130 Safari\\/537.36\",\"ip\":\"::1\"}', 1582294923);

-- --------------------------------------------------------

--
-- Table structure for table `mapel`
--

CREATE TABLE `mapel` (
  `id` int(11) NOT NULL,
  `nama` varchar(255) NOT NULL,
  `info` text DEFAULT NULL,
  `aktif` tinyint(1) NOT NULL DEFAULT 1 COMMENT '1 = ya, 0 = tidak'
) ENGINE=MyISAM DEFAULT CHARSET=utf8;

--
-- Dumping data for table `mapel`
--

INSERT INTO `mapel` (`id`, `nama`, `info`, `aktif`) VALUES
(1, 'Bahasa Indonesia', NULL, 1),
(2, 'Bahasa Inggris', NULL, 1),
(3, 'Matematika', NULL, 1),
(4, 'Ekonomi', NULL, 1),
(5, 'Geografi', NULL, 1),
(6, 'Biologi', NULL, 1),
(7, 'PJOK', '', 1),
(8, 'Agama', NULL, 1),
(9, 'Fisika', NULL, 1),
(10, 'Kimia', NULL, 1),
(11, 'PKN', '', 1),
(12, 'Sejarah', '', 1),
(13, 'Sosiologi', '', 1),
(14, 'Bahasa Arab', '', 1),
(15, 'Seni Budaya', '', 1),
(16, 'Bahasa Jawa', '', 1);

-- --------------------------------------------------------

--
-- Table structure for table `mapel_ajar`
--

CREATE TABLE `mapel_ajar` (
  `id` int(11) NOT NULL,
  `hari_id` tinyint(1) NOT NULL COMMENT '1=senin,2=selasa,3=rabu,4=kamis,5=jum''at,6=sabtu,7=minggu',
  `jam_mulai` time NOT NULL,
  `jam_selesai` time NOT NULL,
  `pengajar_id` int(11) NOT NULL,
  `mapel_kelas_id` int(11) NOT NULL,
  `aktif` tinyint(1) NOT NULL DEFAULT 1 COMMENT '1 = aktif 0 = tidak'
) ENGINE=MyISAM DEFAULT CHARSET=utf8;

--
-- Dumping data for table `mapel_ajar`
--

INSERT INTO `mapel_ajar` (`id`, `hari_id`, `jam_mulai`, `jam_selesai`, `pengajar_id`, `mapel_kelas_id`, `aktif`) VALUES
(1, 1, '07:00:00', '08:30:00', 2, 1, 1),
(4, 2, '07:00:00', '08:30:00', 2, 12, 0),
(5, 1, '07:45:00', '09:15:00', 31, 3, 1),
(6, 1, '09:30:00', '11:00:00', 31, 125, 1),
(7, 1, '11:00:00', '11:40:00', 31, 84, 1),
(8, 1, '12:35:00', '13:15:00', 31, 84, 1),
(9, 1, '13:15:00', '14:45:00', 31, 145, 1),
(10, 2, '07:00:00', '08:30:00', 31, 93, 1),
(11, 2, '10:15:00', '11:40:00', 31, 13, 1),
(12, 2, '12:35:00', '14:00:00', 31, 74, 1),
(13, 2, '14:00:00', '15:30:00', 31, 104, 1),
(14, 3, '08:30:00', '10:15:00', 31, 74, 1),
(15, 4, '07:00:00', '08:30:00', 31, 104, 1),
(16, 4, '12:35:00', '14:00:00', 31, 145, 1),
(17, 4, '14:00:00', '15:30:00', 31, 125, 1),
(18, 5, '07:00:00', '08:30:00', 31, 3, 1),
(19, 5, '10:15:00', '11:40:00', 31, 13, 1),
(20, 1, '09:30:00', '11:00:00', 5, 136, 1),
(21, 2, '08:30:00', '10:15:00', 5, 136, 1),
(22, 2, '10:15:00', '11:40:00', 5, 126, 1),
(23, 2, '12:35:00', '14:00:00', 5, 54, 1),
(24, 3, '10:15:00', '11:40:00', 5, 54, 1),
(25, 3, '12:35:00', '14:00:00', 5, 46, 1),
(26, 4, '07:00:00', '08:30:00', 5, 126, 1),
(27, 4, '08:30:00', '10:15:00', 5, 46, 1),
(28, 1, '07:45:00', '09:15:00', 6, 149, 1),
(29, 1, '10:15:00', '11:40:00', 6, 17, 1),
(30, 2, '08:30:00', '10:15:00', 6, 6, 1),
(31, 2, '10:15:00', '11:40:00', 6, 153, 1),
(32, 3, '10:15:00', '11:40:00', 6, 64, 1),
(33, 3, '12:35:00', '13:15:00', 6, 17, 1),
(34, 4, '07:00:00', '08:30:00', 6, 64, 1),
(35, 1, '07:45:00', '09:15:00', 8, 137, 1),
(36, 1, '10:15:00', '11:40:00', 8, 95, 1),
(37, 1, '12:35:00', '14:00:00', 8, 127, 1),
(38, 2, '07:00:00', '08:30:00', 8, 137, 1),
(39, 2, '08:30:00', '10:15:00', 8, 47, 1),
(40, 2, '10:15:00', '11:40:00', 8, 106, 1),
(41, 3, '07:00:00', '08:30:00', 8, 55, 1),
(42, 3, '08:30:00', '10:15:00', 8, 106, 1),
(43, 5, '07:00:00', '08:30:00', 8, 55, 1),
(44, 5, '08:30:00', '10:15:00', 8, 47, 1),
(45, 5, '12:35:00', '13:15:00', 8, 127, 1),
(46, 1, '11:00:00', '13:15:00', 9, 69, 1),
(47, 1, '13:15:00', '14:00:00', 9, 14, 1),
(48, 1, '14:00:00', '15:30:00', 9, 62, 1),
(49, 2, '07:00:00', '08:30:00', 9, 69, 1),
(50, 2, '12:35:00', '14:00:00', 9, 14, 1),
(51, 2, '07:00:00', '08:30:00', 10, 43, 1),
(52, 2, '10:15:00', '11:40:00', 10, 1, 1),
(53, 2, '12:35:00', '14:00:00', 10, 66, 1),
(54, 2, '14:00:00', '15:30:00', 10, 66, 1),
(55, 3, '08:30:00', '10:15:00', 10, 133, 1),
(56, 3, '10:15:00', '11:40:00', 10, 1, 1),
(57, 3, '12:35:00', '14:00:00', 10, 51, 1),
(58, 4, '07:00:00', '08:30:00', 10, 51, 1),
(59, 4, '10:15:00', '11:40:00', 10, 11, 1),
(60, 4, '12:35:00', '14:00:00', 10, 133, 1),
(61, 5, '07:00:00', '08:30:00', 10, 66, 1),
(62, 5, '08:30:00', '10:15:00', 10, 11, 1),
(63, 5, '11:00:00', '13:15:00', 10, 43, 1),
(64, 1, '11:00:00', '13:15:00', 11, 73, 1),
(65, 1, '14:00:00', '15:30:00', 11, 134, 1),
(66, 3, '07:00:00', '08:30:00', 11, 33, 1),
(67, 3, '09:30:00', '11:40:00', 11, 114, 1),
(68, 3, '12:35:00', '14:00:00', 11, 22, 1),
(69, 3, '14:00:00', '15:30:00', 11, 44, 1),
(70, 5, '08:30:00', '10:15:00', 11, 52, 1),
(71, 5, '11:00:00', '13:15:00', 11, 83, 1),
(72, 1, '09:30:00', '11:00:00', 13, 78, 1),
(73, 1, '09:30:00', '11:00:00', 13, 78, 0),
(74, 4, '10:15:00', '11:40:00', 13, 78, 1),
(75, 4, '12:35:00', '14:00:00', 13, 87, 1),
(76, 1, '07:45:00', '09:15:00', 12, 80, 1),
(77, 2, '07:00:00', '08:30:00', 12, 154, 1),
(78, 2, '08:30:00', '10:15:00', 12, 155, 1),
(79, 2, '12:35:00', '14:00:00', 12, 156, 1),
(80, 3, '14:00:00', '15:30:00', 12, 139, 1),
(81, 3, '12:35:00', '14:00:00', 12, 98, 1),
(82, 3, '10:15:00', '11:40:00', 12, 109, 1),
(83, 3, '07:45:00', '09:15:00', 12, 8, 1),
(84, 4, '08:30:00', '10:15:00', 12, 19, 1),
(85, 4, '10:15:00', '11:40:00', 12, 129, 1),
(86, 4, '12:35:00', '14:00:00', 12, 28, 1),
(87, 4, '14:00:00', '15:30:00', 12, 39, 1),
(88, 5, '07:00:00', '08:30:00', 12, 89, 1),
(89, 5, '08:30:00', '10:15:00', 12, 151, 1),
(90, 1, '12:35:00', '14:00:00', 14, 140, 1),
(91, 1, '14:00:00', '15:30:00', 14, 40, 1),
(92, 2, '07:00:00', '08:30:00', 14, 29, 1),
(93, 2, '14:00:00', '15:30:00', 14, 57, 1),
(94, 3, '08:30:00', '10:15:00', 14, 49, 1),
(95, 4, '07:00:00', '08:30:00', 14, 99, 1),
(96, 5, '09:30:00', '11:00:00', 14, 99, 1),
(97, 1, '07:00:00', '08:30:00', 15, 162, 1),
(98, 1, '10:15:00', '11:40:00', 15, 29, 1),
(99, 1, '12:35:00', '14:00:00', 15, 40, 1),
(100, 1, '14:00:00', '15:30:00', 15, 161, 1),
(101, 3, '12:35:00', '14:00:00', 15, 130, 1),
(102, 3, '14:00:00', '15:30:00', 15, 160, 1),
(103, 1, '07:45:00', '09:15:00', 16, 22, 1),
(104, 1, '09:30:00', '11:00:00', 16, 2, 1),
(105, 1, '14:00:00', '15:30:00', 16, 124, 1),
(106, 2, '10:15:00', '11:40:00', 16, 60, 1),
(107, 2, '14:00:00', '15:30:00', 16, 83, 1),
(108, 3, '12:35:00', '14:00:00', 16, 83, 1),
(109, 4, '08:30:00', '10:15:00', 16, 73, 1),
(110, 4, '10:15:00', '11:40:00', 16, 67, 1),
(111, 4, '12:35:00', '14:00:00', 16, 12, 1),
(112, 4, '14:00:00', '15:30:00', 16, 144, 1),
(113, 5, '08:30:00', '10:15:00', 16, 73, 1),
(114, 5, '11:00:00', '13:15:00', 16, 103, 1),
(115, 1, '09:30:00', '10:15:00', 17, 42, 1),
(116, 1, '12:35:00', '13:15:00', 17, 20, 1),
(117, 1, '14:00:00', '15:30:00', 17, 101, 1),
(118, 2, '08:30:00', '10:15:00', 17, 112, 1),
(119, 2, '10:15:00', '11:40:00', 17, 122, 1),
(120, 2, '14:00:00', '15:30:00', 17, 101, 1),
(121, 3, '07:00:00', '08:30:00', 17, 132, 1),
(122, 3, '12:35:00', '14:00:00', 17, 112, 1),
(123, 4, '07:00:00', '08:30:00', 17, 9, 1),
(124, 4, '08:30:00', '10:15:00', 17, 42, 1),
(125, 4, '10:15:00', '11:40:00', 17, 152, 1),
(126, 4, '12:35:00', '14:00:00', 17, 81, 1),
(127, 4, '14:00:00', '15:30:00', 17, 20, 1),
(128, 5, '07:45:00', '09:15:00', 17, 132, 1),
(129, 5, '10:15:00', '11:00:00', 17, 81, 1),
(130, 5, '11:00:00', '11:40:00', 17, 122, 1),
(131, 1, '09:30:00', '10:15:00', 18, 24, 1),
(132, 1, '12:35:00', '14:00:00', 18, 116, 1),
(133, 2, '08:30:00', '10:15:00', 18, 24, 1),
(134, 2, '12:35:00', '14:00:00', 18, 94, 1),
(135, 3, '07:00:00', '08:30:00', 18, 105, 1),
(136, 3, '08:30:00', '09:15:00', 18, 116, 1),
(137, 5, '07:00:00', '08:30:00', 18, 94, 1),
(138, 5, '08:30:00', '10:15:00', 18, 35, 1),
(139, 1, '07:00:00', '09:15:00', 19, 27, 1),
(140, 1, '09:30:00', '10:15:00', 19, 97, 1),
(141, 1, '13:15:00', '14:00:00', 19, 86, 1),
(142, 2, '11:00:00', '11:40:00', 19, 169, 1),
(143, 2, '12:35:00', '14:00:00', 19, 108, 1),
(144, 3, '10:15:00', '11:40:00', 19, 86, 1),
(145, 3, '12:35:00', '14:00:00', 19, 166, 1),
(146, 4, '07:00:00', '08:30:00', 19, 165, 1),
(147, 4, '08:30:00', '10:15:00', 19, 169, 1),
(148, 4, '10:15:00', '11:40:00', 19, 97, 1),
(149, 4, '12:35:00', '14:00:00', 19, 168, 1),
(150, 4, '14:00:00', '15:30:00', 19, 167, 1),
(151, 5, '07:00:00', '07:45:00', 19, 108, 1),
(152, 5, '07:45:00', '08:30:00', 19, 27, 1),
(153, 5, '10:15:00', '11:00:00', 19, 168, 1),
(154, 5, '12:35:00', '13:15:00', 19, 166, 1),
(155, 1, '07:00:00', '08:30:00', 23, 184, 1),
(156, 1, '14:00:00', '15:30:00', 23, 179, 1),
(157, 2, '07:00:00', '08:30:00', 23, 180, 1),
(158, 2, '08:30:00', '10:15:00', 23, 172, 1),
(159, 2, '12:35:00', '14:00:00', 23, 177, 1),
(160, 2, '14:00:00', '15:30:00', 23, 182, 1),
(161, 3, '07:00:00', '08:30:00', 23, 185, 1),
(162, 3, '14:00:00', '15:30:00', 23, 171, 1),
(163, 4, '08:30:00', '10:15:00', 23, 183, 1),
(164, 4, '10:15:00', '11:40:00', 23, 170, 1),
(165, 4, '12:35:00', '14:00:00', 23, 178, 1),
(166, 4, '14:00:00', '15:30:00', 23, 181, 1),
(167, 5, '07:00:00', '08:30:00', 23, 174, 1),
(168, 5, '08:30:00', '10:15:00', 23, 175, 1),
(169, 1, '07:45:00', '09:15:00', 22, 48, 1),
(170, 1, '09:30:00', '11:00:00', 22, 56, 1),
(171, 1, '11:00:00', '11:40:00', 22, 107, 1),
(172, 1, '13:15:00', '14:00:00', 22, 76, 1),
(173, 1, '14:00:00', '15:30:00', 22, 48, 1),
(174, 2, '07:00:00', '08:30:00', 22, 107, 1),
(175, 2, '10:15:00', '11:00:00', 22, 138, 1),
(176, 3, '07:00:00', '08:30:00', 22, 186, 1),
(177, 3, '08:30:00', '10:15:00', 22, 187, 1),
(178, 4, '07:00:00', '08:30:00', 22, 138, 1),
(179, 4, '08:30:00', '10:15:00', 22, 96, 1),
(180, 1, '09:30:00', '11:00:00', 24, 49, 1),
(181, 2, '07:00:00', '08:30:00', 24, 160, 1),
(182, 2, '00:00:09', '10:15:00', 24, 130, 1),
(183, 2, '12:35:00', '14:00:00', 24, 40, 1),
(184, 2, '14:00:00', '15:30:00', 24, 140, 1),
(185, 3, '10:15:00', '11:40:00', 24, 49, 1),
(186, 3, '14:00:00', '15:30:00', 24, 110, 1),
(187, 4, '07:00:00', '08:30:00', 24, 29, 1),
(188, 5, '07:45:00', '09:15:00', 24, 110, 1),
(189, 5, '09:30:00', '11:00:00', 24, 130, 1),
(190, 5, '11:00:00', '13:15:00', 24, 140, 1),
(191, 1, '09:30:00', '11:00:00', 21, 82, 1),
(192, 1, '12:35:00', '14:00:00', 21, 102, 1),
(193, 2, '07:00:00', '08:30:00', 21, 72, 1),
(194, 2, '08:30:00', '10:15:00', 21, 82, 1),
(195, 2, '10:15:00', '11:40:00', 21, 91, 1),
(196, 2, '13:15:00', '14:45:00', 21, 143, 1),
(197, 3, '07:00:00', '08:30:00', 21, 113, 1),
(198, 3, '08:30:00', '10:15:00', 21, 91, 1),
(199, 3, '10:15:00', '11:40:00', 21, 123, 1),
(200, 3, '14:00:00', '15:30:00', 21, 32, 1),
(201, 4, '07:00:00', '08:30:00', 21, 72, 1),
(202, 4, '08:30:00', '10:15:00', 21, 143, 1),
(203, 4, '10:15:00', '11:40:00', 21, 21, 1),
(204, 4, '12:35:00', '14:00:00', 21, 123, 1),
(205, 4, '14:00:00', '15:30:00', 21, 102, 1),
(206, 5, '07:00:00', '08:30:00', 21, 113, 1),
(207, 5, '08:30:00', '10:15:00', 21, 21, 1),
(208, 5, '10:15:00', '11:40:00', 21, 32, 1),
(209, 3, '07:00:00', '07:45:00', 20, 3, 1),
(210, 3, '08:30:00', '10:15:00', 20, 61, 1),
(211, 3, '10:15:00', '11:40:00', 20, 135, 1),
(212, 3, '14:00:00', '15:30:00', 20, 68, 1),
(213, 4, '07:00:00', '08:30:00', 20, 13, 1),
(214, 4, '08:30:00', '10:15:00', 20, 61, 1),
(215, 4, '10:15:00', '11:40:00', 20, 135, 1),
(216, 4, '12:35:00', '14:00:00', 20, 3, 1),
(217, 4, '14:00:00', '15:30:00', 20, 68, 1),
(218, 1, '11:00:00', '13:15:00', 27, 188, 1),
(219, 1, '14:00:00', '15:30:00', 27, 193, 1),
(220, 2, '07:00:00', '08:30:00', 27, 192, 1),
(221, 2, '08:30:00', '10:15:00', 27, 196, 1),
(222, 2, '12:35:00', '14:00:00', 27, 191, 1),
(223, 2, '14:00:00', '15:30:00', 27, 202, 1),
(224, 3, '07:00:00', '08:30:00', 27, 200, 1),
(225, 3, '08:30:00', '10:15:00', 27, 190, 1),
(226, 3, '10:15:00', '11:40:00', 27, 189, 1),
(227, 4, '07:00:00', '08:30:00', 27, 192, 1),
(228, 4, '08:30:00', '10:15:00', 27, 196, 1),
(229, 4, '12:35:00', '14:00:00', 27, 191, 1),
(230, 4, '14:00:00', '15:30:00', 27, 202, 1),
(231, 5, '07:00:00', '08:30:00', 27, 199, 1),
(232, 5, '10:15:00', '11:40:00', 27, 201, 1),
(233, 2, '08:30:00', '10:15:00', 25, 117, 1),
(234, 2, '10:15:00', '11:00:00', 25, 25, 1),
(235, 2, '11:00:00', '11:40:00', 25, 36, 1),
(236, 3, '10:15:00', '11:40:00', 25, 36, 1),
(237, 3, '12:35:00', '13:15:00', 25, 117, 1),
(238, 3, '14:00:00', '15:30:00', 25, 25, 1),
(239, 1, '07:45:00', '09:15:00', 28, 68, 1),
(240, 1, '10:15:00', '11:40:00', 28, 34, 1),
(241, 1, '12:35:00', '14:00:00', 28, 23, 1),
(242, 1, '14:00:00', '15:30:00', 28, 84, 1),
(243, 2, '07:00:00', '08:30:00', 28, 84, 1),
(244, 2, '10:15:00', '11:40:00', 28, 84, 1),
(245, 2, '12:35:00', '14:00:00', 28, 115, 1),
(246, 2, '14:00:00', '15:30:00', 28, 34, 1),
(247, 3, '09:30:00', '11:00:00', 28, 23, 1),
(248, 3, '14:00:00', '15:30:00', 28, 53, 1),
(249, 4, '07:00:00', '08:30:00', 28, 145, 1),
(250, 4, '08:30:00', '10:15:00', 28, 68, 1),
(251, 4, '10:15:00', '11:40:00', 28, 45, 1),
(252, 4, '12:35:00', '14:00:00', 28, 115, 1),
(253, 4, '14:00:00', '15:30:00', 28, 74, 1),
(254, 5, '07:00:00', '08:30:00', 28, 45, 1),
(255, 5, '08:30:00', '10:15:00', 28, 61, 1),
(256, 5, '11:00:00', '13:15:00', 28, 74, 1),
(257, 2, '14:00:00', '15:30:00', 29, 75, 1),
(258, 2, '10:15:00', '11:40:00', 29, 146, 1),
(259, 3, '08:30:00', '10:15:00', 29, 85, 1),
(260, 4, '08:30:00', '10:15:00', 29, 85, 1),
(261, 4, '14:00:00', '15:30:00', 29, 10, 1),
(262, 1, '09:30:00', '10:15:00', 30, 63, 1),
(263, 1, '12:35:00', '13:15:00', 30, 147, 1),
(264, 1, '13:15:00', '14:00:00', 30, 56, 0),
(265, 2, '07:00:00', '08:30:00', 30, 147, 1),
(266, 2, '09:30:00', '11:00:00', 30, 37, 1),
(267, 3, '07:00:00', '07:45:00', 30, 15, 1),
(268, 3, '07:45:00', '09:15:00', 30, 26, 1),
(269, 3, '10:15:00', '11:40:00', 30, 70, 1),
(270, 4, '07:00:00', '08:30:00', 30, 118, 1),
(271, 4, '10:15:00', '11:40:00', 30, 63, 1),
(272, 5, '07:00:00', '08:30:00', 30, 15, 1),
(273, 5, '08:30:00', '09:15:00', 30, 70, 1),
(274, 5, '09:30:00', '10:15:00', 30, 4, 1),
(275, 5, '10:15:00', '11:00:00', 30, 118, 1),
(276, 1, '07:45:00', '09:15:00', 32, 131, 1),
(277, 1, '09:30:00', '11:00:00', 32, 111, 1),
(278, 1, '14:00:00', '15:30:00', 32, 58, 1),
(279, 3, '07:00:00', '08:30:00', 32, 100, 1),
(280, 3, '12:35:00', '14:00:00', 32, 141, 1),
(281, 4, '07:00:00', '08:30:00', 32, 50, 1),
(282, 4, '12:35:00', '14:00:00', 32, 58, 1),
(283, 4, '14:00:00', '15:30:00', 32, 100, 1),
(284, 5, '09:30:00', '11:00:00', 32, 141, 1),
(285, 2, '07:00:00', '08:30:00', 34, 18, 1),
(286, 2, '08:30:00', '10:15:00', 34, 71, 1),
(287, 2, '12:35:00', '14:00:00', 34, 7, 1),
(288, 3, '10:15:00', '11:40:00', 34, 150, 1),
(289, 3, '12:35:00', '13:15:00', 34, 7, 1),
(290, 3, '13:15:00', '14:00:00', 34, 18, 1),
(291, 3, '14:00:00', '15:30:00', 34, 65, 1),
(292, 5, '07:00:00', '08:30:00', 34, 79, 1),
(293, 5, '08:30:00', '10:15:00', 34, 88, 1),
(294, 5, '10:15:00', '11:40:00', 34, 65, 1),
(295, 1, '10:15:00', '11:00:00', 33, 121, 1),
(296, 2, '08:30:00', '09:15:00', 33, 41, 0),
(297, 4, '10:15:00', '11:40:00', 33, 41, 1),
(298, 4, '14:00:00', '15:30:00', 33, 121, 1),
(299, 3, '08:30:00', '09:15:00', 33, 41, 1),
(300, 5, '07:00:00', '07:45:00', 33, 30, 1),
(301, 4, '08:30:00', '10:15:00', 30, 4, 1),
(302, 1, '14:00:00', '14:45:00', 33, 46, 1),
(303, 1, '14:00:00', '10:15:00', 34, 46, 1);

-- --------------------------------------------------------

--
-- Table structure for table `mapel_kelas`
--

CREATE TABLE `mapel_kelas` (
  `id` int(11) NOT NULL,
  `kelas_id` int(11) NOT NULL,
  `mapel_id` int(11) NOT NULL,
  `aktif` tinyint(1) NOT NULL DEFAULT 1
) ENGINE=MyISAM DEFAULT CHARSET=utf8;

--
-- Dumping data for table `mapel_kelas`
--

INSERT INTO `mapel_kelas` (`id`, `kelas_id`, `mapel_id`, `aktif`) VALUES
(1, 2, 1, 1),
(2, 2, 2, 1),
(3, 2, 3, 1),
(4, 2, 6, 1),
(5, 2, 7, 1),
(6, 2, 8, 1),
(7, 2, 9, 1),
(8, 2, 10, 1),
(9, 2, 11, 1),
(10, 2, 14, 1),
(11, 2, 15, 1),
(12, 2, 16, 1),
(13, 3, 1, 1),
(14, 3, 2, 1),
(15, 3, 3, 1),
(16, 3, 6, 1),
(17, 3, 7, 1),
(18, 3, 8, 1),
(19, 3, 9, 1),
(20, 3, 10, 1),
(21, 3, 11, 1),
(22, 3, 14, 1),
(23, 3, 15, 1),
(24, 3, 16, 1),
(25, 19, 1, 1),
(26, 19, 2, 1),
(27, 19, 3, 1),
(28, 19, 6, 1),
(29, 19, 7, 1),
(30, 19, 8, 1),
(31, 19, 9, 1),
(32, 19, 10, 1),
(33, 19, 11, 1),
(34, 19, 14, 1),
(35, 19, 15, 1),
(36, 19, 16, 1),
(37, 4, 1, 1),
(38, 4, 2, 1),
(39, 4, 3, 1),
(40, 4, 4, 1),
(41, 4, 5, 1),
(42, 4, 7, 1),
(43, 4, 8, 1),
(44, 4, 11, 1),
(45, 4, 12, 1),
(46, 4, 13, 1),
(47, 4, 14, 1),
(48, 4, 15, 1),
(49, 4, 16, 1),
(50, 5, 1, 1),
(51, 5, 2, 1),
(52, 5, 3, 1),
(53, 5, 4, 1),
(54, 5, 5, 1),
(55, 5, 7, 1),
(56, 5, 8, 1),
(57, 5, 11, 1),
(58, 5, 12, 1),
(59, 5, 13, 1),
(60, 5, 14, 1),
(61, 5, 15, 1),
(62, 5, 16, 1),
(63, 16, 1, 1),
(64, 16, 2, 1),
(65, 16, 3, 1),
(66, 16, 4, 1),
(67, 16, 5, 1),
(68, 16, 7, 1),
(69, 16, 8, 1),
(70, 16, 11, 1),
(71, 16, 12, 1),
(72, 16, 13, 1),
(73, 16, 14, 1),
(74, 16, 15, 1),
(75, 16, 16, 1),
(76, 7, 1, 1),
(77, 7, 2, 1),
(78, 7, 3, 1),
(79, 7, 6, 1),
(80, 7, 7, 1),
(81, 7, 8, 1),
(82, 7, 9, 1),
(83, 7, 10, 1),
(84, 7, 11, 1),
(85, 7, 14, 1),
(86, 7, 15, 1),
(87, 7, 16, 1),
(88, 8, 1, 1),
(89, 8, 2, 1),
(90, 8, 3, 1),
(91, 8, 6, 1),
(92, 8, 7, 1),
(93, 8, 8, 1),
(94, 8, 9, 1),
(95, 8, 10, 1),
(96, 8, 11, 1),
(97, 8, 14, 1),
(98, 8, 15, 1),
(99, 8, 16, 1),
(100, 9, 1, 1),
(101, 9, 2, 1),
(102, 9, 3, 1),
(103, 9, 4, 1),
(104, 9, 5, 1),
(105, 9, 7, 1),
(106, 9, 8, 1),
(107, 9, 11, 1),
(108, 9, 12, 1),
(109, 9, 13, 1),
(110, 9, 14, 1),
(111, 9, 15, 1),
(112, 9, 16, 1),
(113, 10, 1, 1),
(114, 10, 2, 1),
(115, 10, 3, 1),
(116, 10, 4, 1),
(117, 10, 5, 1),
(118, 10, 7, 1),
(119, 10, 8, 1),
(120, 10, 11, 1),
(121, 10, 12, 1),
(122, 10, 13, 1),
(123, 10, 14, 1),
(124, 10, 15, 1),
(125, 10, 16, 1),
(126, 17, 1, 1),
(127, 17, 2, 1),
(128, 17, 3, 1),
(129, 17, 4, 1),
(130, 17, 5, 1),
(131, 17, 7, 1),
(132, 17, 8, 1),
(133, 17, 11, 1),
(134, 17, 12, 1),
(135, 17, 13, 1),
(136, 17, 14, 1),
(137, 17, 15, 1),
(138, 17, 16, 1),
(139, 12, 1, 1),
(140, 12, 2, 1),
(141, 12, 3, 1),
(142, 12, 6, 1),
(143, 12, 7, 1),
(144, 12, 8, 1),
(145, 12, 9, 1),
(146, 12, 10, 1),
(147, 12, 11, 1),
(148, 12, 14, 1),
(149, 12, 15, 1),
(150, 12, 16, 1),
(151, 13, 1, 1),
(152, 13, 2, 1),
(153, 13, 3, 1),
(154, 13, 6, 1),
(155, 13, 7, 1),
(156, 13, 8, 1),
(157, 13, 9, 1),
(158, 13, 10, 1),
(159, 13, 11, 1),
(160, 13, 12, 1),
(161, 13, 15, 1),
(162, 13, 16, 1),
(163, 14, 1, 1),
(164, 14, 2, 1),
(165, 14, 3, 1),
(166, 14, 4, 1),
(167, 14, 5, 1),
(168, 14, 7, 1),
(169, 14, 8, 1),
(170, 14, 11, 1),
(171, 14, 12, 1),
(172, 14, 13, 1),
(173, 14, 14, 1),
(174, 14, 15, 1),
(175, 14, 16, 1),
(176, 15, 1, 1),
(177, 15, 2, 1),
(178, 15, 3, 1),
(179, 15, 4, 1),
(180, 15, 5, 1),
(181, 15, 7, 1),
(182, 15, 8, 1),
(183, 15, 11, 1),
(184, 15, 12, 1),
(185, 15, 13, 1),
(186, 15, 14, 1),
(187, 15, 15, 1),
(188, 15, 16, 1),
(189, 18, 1, 1),
(190, 18, 2, 1),
(191, 18, 3, 1),
(192, 18, 4, 1),
(193, 18, 5, 1),
(194, 18, 7, 1),
(195, 18, 8, 1),
(196, 18, 11, 1),
(197, 18, 12, 1),
(198, 18, 13, 1),
(199, 18, 14, 1),
(200, 18, 15, 1),
(201, 18, 16, 1);

-- --------------------------------------------------------

--
-- Table structure for table `materi`
--

CREATE TABLE `materi` (
  `id` int(11) NOT NULL,
  `mapel_id` int(11) NOT NULL,
  `pengajar_id` int(11) DEFAULT NULL,
  `siswa_id` int(11) DEFAULT NULL,
  `judul` varchar(255) NOT NULL,
  `konten` text DEFAULT NULL,
  `file` text DEFAULT NULL,
  `tgl_posting` datetime NOT NULL,
  `publish` tinyint(1) NOT NULL DEFAULT 0,
  `views` int(11) NOT NULL DEFAULT 1
) ENGINE=MyISAM DEFAULT CHARSET=utf8;

--
-- Dumping data for table `materi`
--

INSERT INTO `materi` (`id`, `mapel_id`, `pengajar_id`, `siswa_id`, `judul`, `konten`, `file`, `tgl_posting`, `publish`, `views`) VALUES
(47, 5, 34, NULL, 'Membuat peta brebes selatan', NULL, 'membuat_peta_brebes_selatan_1582167168.png', '2020-02-20 09:52:48', 1, 2),
(46, 2, 11, NULL, 'English', NULL, 'bahasa_inggris_1581883618.docx', '2020-02-17 03:06:58', 1, 1);

-- --------------------------------------------------------

--
-- Table structure for table `materi_kelas`
--

CREATE TABLE `materi_kelas` (
  `id` int(11) NOT NULL,
  `materi_id` int(11) NOT NULL,
  `kelas_id` int(11) NOT NULL
) ENGINE=MyISAM DEFAULT CHARSET=utf8;

--
-- Dumping data for table `materi_kelas`
--

INSERT INTO `materi_kelas` (`id`, `materi_id`, `kelas_id`) VALUES
(1, 46, 1),
(2, 47, 1);

-- --------------------------------------------------------

--
-- Table structure for table `messages`
--

CREATE TABLE `messages` (
  `id` int(11) NOT NULL,
  `type_id` tinyint(1) NOT NULL COMMENT '1=inbox,2=outbox',
  `content` text NOT NULL,
  `owner_id` int(11) NOT NULL,
  `sender_receiver_id` int(11) NOT NULL,
  `date` datetime NOT NULL,
  `opened` tinyint(1) NOT NULL DEFAULT 0 COMMENT '0=belum,1=sudah'
) ENGINE=MyISAM DEFAULT CHARSET=utf8;

--
-- Dumping data for table `messages`
--

INSERT INTO `messages` (`id`, `type_id`, `content`, `owner_id`, `sender_receiver_id`, `date`, `opened`) VALUES
(1, 2, '<p>hai</p>\r\n', 36, 4, '2020-02-20 10:01:18', 1),
(2, 1, '<p>hai</p>\r\n', 4, 36, '2020-02-20 10:01:18', 1),
(3, 2, '<p>halo adela</p>\r\n', 36, 4, '2020-02-20 10:02:09', 1),
(4, 1, '<p>halo adela</p>\r\n', 4, 36, '2020-02-20 10:02:09', 1);

-- --------------------------------------------------------

--
-- Table structure for table `nilai_tugas`
--

CREATE TABLE `nilai_tugas` (
  `id` int(11) NOT NULL,
  `nilai` float NOT NULL,
  `tugas_id` int(11) NOT NULL,
  `siswa_id` int(11) NOT NULL
) ENGINE=MyISAM DEFAULT CHARSET=utf8;

--
-- Dumping data for table `nilai_tugas`
--

INSERT INTO `nilai_tugas` (`id`, `nilai`, `tugas_id`, `siswa_id`) VALUES
(2, 85, 2, 2);

-- --------------------------------------------------------

--
-- Table structure for table `pengajar`
--

CREATE TABLE `pengajar` (
  `id` int(11) NOT NULL,
  `nip` varchar(45) DEFAULT NULL,
  `nama` varchar(100) NOT NULL,
  `jenis_kelamin` varchar(9) NOT NULL,
  `tempat_lahir` varchar(45) NOT NULL,
  `tgl_lahir` date DEFAULT NULL,
  `alamat` varchar(255) NOT NULL,
  `foto` text DEFAULT NULL,
  `status_id` tinyint(1) NOT NULL COMMENT '0=pending, 1=aktif, 2=blok'
) ENGINE=MyISAM DEFAULT CHARSET=utf8;

--
-- Dumping data for table `pengajar`
--

INSERT INTO `pengajar` (`id`, `nip`, `nama`, `jenis_kelamin`, `tempat_lahir`, `tgl_lahir`, `alamat`, `foto`, `status_id`) VALUES
(1, '5150411204', 'Zakaria Akhfas A', 'Laki-laki', 'Jakarta', '1996-04-18', 'Jl. Sindanti No.24 Sleman', NULL, 1),
(3, '19670810 199512 1 001', 'Drs. MUNAWIR, M.Pd', 'Laki-laki', 'Brebes', '1967-10-08', 'Jl. Raya Manggis, Sirampog, Brebes KM. 09', NULL, 1),
(4, '19620128 198403 1 002', 'AKHMAD FARIDO, S.Pd', 'Laki-laki', 'Brebes', '1962-01-28', 'Jl. Raya Manggis, Sirampog, Brebes KM. 09', NULL, 1),
(5, '19620921 198603 1 010', 'SUPRAPTO, S.Pd', 'Laki-laki', 'Wonogiri', '1962-09-21', 'Jl. Raya Manggis, Sirampog, Brebes KM. 09', NULL, 1),
(6, '19690427 199702 1 002', 'Drs. ABDULLOH', 'Laki-laki', 'Brebes', '1969-04-27', 'Jl. Raya Manggis, Sirampog, Brebes KM. 09', NULL, 1),
(7, '19660106 199903 1 002', 'Drs. ROKHANI', 'Laki-laki', '', '1966-01-06', 'Jl. Raya Manggis, Sirampog, Brebes KM. 09', NULL, 1),
(8, '19730207 200604 1 002', 'SIGIT, S.Pd', 'Laki-laki', 'Purworejo', '1973-02-07', 'Jl. Raya Manggis, Sirampog, Brebes KM. 09', NULL, 1),
(9, '19731116 200604 1 011', 'MUHAMMAD TAUKHID, S.Si', 'Laki-laki', 'Kebumen', '1973-11-16', 'Jl. Raya Manggis, Sirampog, Brebes KM. 09', NULL, 1),
(10, '19700124 200604 2 004', 'ENDARTI, S.Pd', 'Perempuan', 'Batang', '1970-01-24', 'Jl. Raya Manggis, Sirampog, Brebes KM. 09', NULL, 1),
(11, '19800912 201001 1 015', 'DANI ARIRAHMAN, S.Pd', 'Laki-laki', 'Brebes', '1980-09-12', 'Jl. Raya Manggis, Sirampog, Brebes KM. 09', NULL, 1),
(12, '19720414 201409 2 001', 'ELY HAYATI, S.Pd', 'Perempuan', 'Brebes', '1972-04-14', 'Jl. Raya Manggis, Sirampog, Brebes KM. 09', NULL, 1),
(13, '19900901 201502 1 001', 'TAUFIK YULIANTO, S.Pd', 'Laki-laki', 'GROBOGAN', '1990-09-01', 'Jl. Raya Manggis, Sirampog, Brebes KM. 09', NULL, 1),
(14, '19851007 201101 1 001', 'MUCH. FATCHUROHMAN, S.Pd', 'Laki-laki', 'Brebes', '1985-10-07', 'Jl. Raya Manggis, Sirampog, Brebes KM. 09', NULL, 1),
(15, '2839761662110052', 'DEDI,S.Pd', 'Laki-laki', 'BREBES', '1983-05-07', 'Jl. Raya Manggis, Sirampog, Brebes KM. 09', NULL, 1),
(16, '6748764665210142', 'FITHRIA SAHARANI, S.Pd', 'Perempuan', 'Tegal', '1986-04-16', 'Jl. Raya Manggis, Sirampog, Brebes KM. 09', NULL, 1),
(17, '9660762663210142', 'UMDATUL KHOEROH,S.Pdi', 'Perempuan', 'Brebes', '1984-03-28', 'Jl. Raya Manggis, Sirampog, Brebes KM. 09', NULL, 1),
(18, '3554759662210023', 'NOVA HIDAYAH,S.Pd', 'Perempuan', 'Brebes', '1981-12-22', 'Jl. Raya Manggis, Sirampog, Brebes KM. 09', NULL, 1),
(19, '20350720183001', 'MASRUKHI, S.Thi', 'Laki-laki', 'Brebes', '1983-08-15', 'Jl. Raya Manggis, Sirampog, Brebes KM. 09', NULL, 1),
(20, '9147747692000013', 'AGUS SUMAWAN, S.Pd', 'Laki-laki', 'Brebes', '1969-08-15', 'Jl. Raya Manggis, Sirampog, Brebes KM. 09', NULL, 1),
(21, '2558759661120003', 'TEGUH PRIYONO,S.Pd', 'Laki-laki', 'Brebes', '1981-12-26', 'Jl. Raya Manggis, Sirampog, Brebes KM. 09', NULL, 1),
(22, '20350720187003', 'ANDHI PURBA WIJAYA, S.Pd', 'Laki-laki', 'Brebes', '1987-11-01', 'Jl. Raya Manggis, Sirampog, Brebes KM. 09', NULL, 1),
(23, '20350720187002', 'M. ARIF ROMADHON, S.Pd', 'Laki-laki', 'Brebes', '1987-05-14', 'Jl. Raya Manggis, Sirampog, Brebes KM. 09', NULL, 1),
(24, '20350720188001', 'EFIE  SUNARYA, S.Pd', 'Laki-laki', 'BANYUMAS', '1988-10-03', 'Jl. Raya Manggis, Sirampog, Brebes KM. 09', NULL, 1),
(25, '9547743646300003', 'SULISTIANI AESIYAH, S.Pd', 'Perempuan', 'Brebes', '1965-12-12', 'Jl. Raya Manggis, Sirampog, Brebes KM. 09', NULL, 1),
(26, '', 'MARSENO WIRJO SAPUTRO', 'Laki-laki', 'Brebes', '1985-05-05', 'Jl. Raya Manggis, Sirampog, Brebes KM. 09', NULL, 1),
(27, '', 'RIKHANAH, S.Pd', 'Perempuan', 'BREBES', '1988-06-13', 'Jl. Raya Manggis, Sirampog, Brebes KM. 09', NULL, 1),
(28, '', 'ISMIATI ANISA, S.Pd', 'Perempuan', 'Brebes', '1988-04-03', 'Jl. Raya Manggis, Sirampog, Brebes KM. 09', NULL, 1),
(29, '', 'AGUS RIYANTO, S.Pd', 'Laki-laki', 'Brebes', '1988-04-04', 'Jl. Raya Manggis, Sirampog, Brebes KM. 09', NULL, 1),
(30, '', 'SOPANI, S.Pd', 'Laki-laki', 'Brebes', '1988-06-09', 'Jl. Raya Manggis, Sirampog, Brebes KM. 09', NULL, 1),
(31, '', 'ANGGA PRASETYA FAAS, S.Pd', 'Laki-laki', 'Brebes', '1990-12-02', 'Jl. Raya Manggis, Sirampog, Brebes KM. 09', NULL, 1),
(32, '', 'RISA TRI RAHMAWATI, S.Pd', 'Perempuan', 'Brebes', '1992-11-16', 'Jl. Raya Manggis, Sirampog, Brebes KM. 09', NULL, 1),
(33, '', 'PUJI ASTUTI, S.Pd', 'Perempuan', 'Brebes', '1982-04-20', 'Jl. Raya Manggis, Sirampog, Brebes KM. 09', NULL, 1),
(34, '', 'FRISTIA FALSAFATUL HUKMI, S.Pd', 'Perempuan', 'Brebes', '1994-08-15', 'Jl. Raya Manggis, Sirampog, Brebes KM. 09', NULL, 1),
(35, '0053757658110023', 'HERY PRANTOMO', 'Laki-laki', 'Brebes', '1979-07-21', 'Jl. Raya Manggis, Sirampog, Brebes KM. 09', NULL, 1),
(36, '9538763663210022', 'FRIDA YUNIVERIA WS, SE', 'Perempuan', 'Brebes', '1985-06-02', 'Jl. Raya Manggis, Sirampog, Brebes KM. 09', NULL, 1),
(37, '7034766667210073', 'DINA FITROTUN NISWAH, S.Pd', 'Perempuan', 'BREBES', '1988-02-27', 'Jl. Raya Manggis, Sirampog, Brebes KM. 09', NULL, 1),
(44, '', 'PUTRI AGUS WINATA, S.Pd', 'Perempuan', 'BREBES', '1990-08-17', 'Jl. Raya Manggis, Sirampog, Brebes KM. 09', NULL, 1),
(45, '', 'M. ADE SUPRIYANTO, S.Pd', 'Laki-laki', 'BREBES', '1984-04-02', 'Jl. Raya Manggis, Sirampog, Brebes KM. 09', NULL, 1),
(46, '', 'NUROHMAN', 'Laki-laki', 'BREBES', '1990-10-09', 'Jl. Raya Manggis, Sirampog, Brebes KM. 09', NULL, 1);

-- --------------------------------------------------------

--
-- Table structure for table `pengaturan`
--

CREATE TABLE `pengaturan` (
  `id` varchar(255) NOT NULL,
  `nama` varchar(255) DEFAULT NULL,
  `value` text DEFAULT NULL
) ENGINE=MyISAM DEFAULT CHARSET=utf8;

--
-- Dumping data for table `pengaturan`
--

INSERT INTO `pengaturan` (`id`, `nama`, `value`) VALUES
('email-server', 'Email server', 'no-reply@domain.com'),
('email-template-approve-pengajar', 'Approve pengajar (email pengajar)', '{\"subject\":\"Pengaktifan Akun\",\"body\":\"<p>Hai {$nama},<\\/p>\\n<p>Anda telah diterima sebagai pengajar pada {$nama_sekolah}, berikut informasi data diri anda:<\\/p>\\n<p>{$tabel_profil}<\\/p>\\n<p>Anda dapat login ke sistem E-Learning menggunakan username dan password yang telah anda buat saat pendaftaran, login pada url berikut : {$url_login}<\\/p>\"}'),
('email-template-approve-siswa', 'Approve siswa (email siswa)', '{\"subject\":\"Pengaktifan Akun\",\"body\":\"<p>Hai {$nama},<\\/p>\\n<p>Anda telah diterima sebagai siswa pada {$nama_sekolah}, berikut informasi data diri anda:<\\/p>\\n<p>{$tabel_profil}<\\/p>\\n<p>Anda dapat login ke sistem E-Learning menggunakan username dan password yang telah anda buat saat pendaftaran, login pada url berikut : {$url_login}<\\/p>\"}'),
('email-template-link-reset', 'Link Reset Password', '{\"subject\":\"Reset Password\",\"body\":\"<p>Hai,<\\/p>\\n<p>Anda mengirimkan permintaan untuk reset password anda, klik link berikut untuk memulai reset password : {$link_reset}<\\/p>\"}'),
('email-template-register-pengajar', 'Register pengajar (email pengajar)', '{\"subject\":\"Registrasi Berhasil\",\"body\":\"<p>Hai {$nama},<\\/p>\\n<p>Terimakasih telah melakukan pendaftaran sebagai pengajar di E-Learning {$nama_sekolah}. Akun anda akan segera diaktifkan oleh admin.<\\/p>\"}'),
('email-template-register-siswa', 'Register siswa (email siswa)', '{\"subject\":\"Registrasi Berhasil\",\"body\":\"<p>Hai {$nama},<\\/p>\\n<p>Terimakasih telah melakukan pendaftaran sebagai siswa di E-Learning {$nama_sekolah}. Akun anda akan segera diaktifkan oleh admin.<\\/p>\"}'),
('info-registrasi', 'Info Registrasi', '<p>Silakan mendaftar sebagai siswa atau pengajar (jika anda sebagai pengajar) dengan memilih sesuai tab berikut :</p>\r\n'),
('peraturan-elearning', 'Peraturan E-learning', ''),
('registrasi-pengajar', 'Registrasi Pengajar', '0'),
('registrasi-siswa', 'Registrasi Siswa', '0'),
('versi', 'Versi', '2.0'),
('jenjang', 'jenjang', 'SMA'),
('nama-sekolah', 'nama-sekolah', 'SMA Negeri 1 Sirampog'),
('alamat', 'alamat', 'Jl. Raya Manggis, Sirampog, Brebes KM. 09'),
('telp', 'telp', '(0289) 5105000'),
('install-success', 'install-success', '1'),
('status-registrasi-siswa', 'status-registrasi-siswa', '1'),
('status-registrasi-pengajar', 'status-registrasi-pengajar', '1'),
('smtp-host', 'smtp-host', ''),
('smtp-username', 'smtp-username', ''),
('smtp-pass', 'smtp-pass', ''),
('smtp-port', 'smtp-port', ''),
('edit-username-siswa', 'edit-username-siswa', '1'),
('edit-foto-siswa', 'edit-foto-siswa', '1'),
('info-slide-1', 'info-slide-1', ''),
('info-slide-2', 'info-slide-2', ''),
('info-slide-3', 'info-slide-3', ''),
('info-slide-4', 'info-slide-4', ''),
('logo-sekolah', 'logo-sekolah', 'logo-sekolah.png'),
('img-slide-1', 'img-slide-1', 'img-slide-1.jpg');

-- --------------------------------------------------------

--
-- Table structure for table `pengumuman`
--

CREATE TABLE `pengumuman` (
  `id` int(11) NOT NULL,
  `judul` varchar(255) NOT NULL,
  `konten` text NOT NULL,
  `tgl_tampil` date NOT NULL,
  `tgl_tutup` date NOT NULL,
  `tampil_siswa` tinyint(1) NOT NULL DEFAULT 1,
  `tampil_pengajar` tinyint(1) NOT NULL DEFAULT 1,
  `pengajar_id` int(11) NOT NULL
) ENGINE=MyISAM DEFAULT CHARSET=utf8;

--
-- Dumping data for table `pengumuman`
--

INSERT INTO `pengumuman` (`id`, `judul`, `konten`, `tgl_tampil`, `tgl_tutup`, `tampil_siswa`, `tampil_pengajar`, `pengajar_id`) VALUES
(1, 'Libur akhir semester', '<p>Libur akhir tahun</p>\r\n', '2020-02-19', '2020-02-21', 1, 1, 1);

-- --------------------------------------------------------

--
-- Table structure for table `pilihan`
--

CREATE TABLE `pilihan` (
  `id` int(11) NOT NULL,
  `pertanyaan_id` int(11) NOT NULL,
  `konten` text NOT NULL,
  `kunci` tinyint(4) NOT NULL DEFAULT 0 COMMENT '0=tidak',
  `urutan` int(11) NOT NULL,
  `aktif` tinyint(1) NOT NULL DEFAULT 1
) ENGINE=MyISAM DEFAULT CHARSET=utf8;

-- --------------------------------------------------------

--
-- Table structure for table `siswa`
--

CREATE TABLE `siswa` (
  `id` int(11) NOT NULL,
  `nis` varchar(45) DEFAULT NULL,
  `nama` varchar(100) NOT NULL,
  `jenis_kelamin` varchar(9) NOT NULL COMMENT 'Laki-laki dan Perempuan',
  `tempat_lahir` varchar(45) NOT NULL,
  `tgl_lahir` date DEFAULT NULL,
  `agama` char(7) DEFAULT NULL,
  `alamat` varchar(255) NOT NULL,
  `tahun_masuk` year(4) NOT NULL,
  `foto` text DEFAULT NULL,
  `status_id` tinyint(1) NOT NULL DEFAULT 0 COMMENT '0=pending, 1=aktif, 2=blok, 3=alumni, 4=deleted'
) ENGINE=MyISAM DEFAULT CHARSET=utf8;

--
-- Dumping data for table `siswa`
--

INSERT INTO `siswa` (`id`, `nis`, `nama`, `jenis_kelamin`, `tempat_lahir`, `tgl_lahir`, `agama`, `alamat`, `tahun_masuk`, `foto`, `status_id`) VALUES
(1, '12345', 'Ahmad Luthfi Zaidan', 'Laki-laki', 'Jakarta', '2003-04-21', 'ISLAM', 'Jl. Sindanti No.24 Sleman', 2019, NULL, 1),
(2, '56453', 'Adela Khaliqa', 'Perempuan', 'Brebes', '2007-10-29', 'ISLAM', 'Jl. Raya Manggis, Sirampog, Brebes KM. 09', 2020, NULL, 1);

-- --------------------------------------------------------

--
-- Table structure for table `tahun_ajaran`
--

CREATE TABLE `tahun_ajaran` (
  `id` bigint(11) NOT NULL,
  `tahun_ajaran` varchar(50) COLLATE utf8mb4_unicode_ci NOT NULL,
  `semester_ajaran` varchar(10) COLLATE utf8mb4_unicode_ci NOT NULL,
  `tahun` int(10) NOT NULL,
  `status` int(1) NOT NULL DEFAULT 0,
  `created_at` datetime NOT NULL
) ENGINE=InnoDB DEFAULT CHARSET=utf8mb4 COLLATE=utf8mb4_unicode_ci;

--
-- Dumping data for table `tahun_ajaran`
--

INSERT INTO `tahun_ajaran` (`id`, `tahun_ajaran`, `semester_ajaran`, `tahun`, `status`, `created_at`) VALUES
(3, '2020/2021', 'ganjil', 2020, 0, '0000-00-00 00:00:00'),
(4, '2020/2021', 'genap', 2020, 0, '0000-00-00 00:00:00');

-- --------------------------------------------------------

--
-- Table structure for table `tugas`
--

CREATE TABLE `tugas` (
  `id` int(11) NOT NULL,
  `mapel_id` int(11) NOT NULL,
  `pengajar_id` int(11) NOT NULL,
  `type_id` tinyint(1) NOT NULL COMMENT '1=upload,2=essay,3=ganda',
  `judul` varchar(255) NOT NULL,
  `durasi` int(11) DEFAULT NULL COMMENT 'lama pengerjaan dalam menit',
  `info` text DEFAULT NULL,
  `aktif` tinyint(1) NOT NULL DEFAULT 0,
  `tgl_buat` datetime DEFAULT NULL,
  `tampil_siswa` tinyint(1) NOT NULL DEFAULT 0 COMMENT '0=tidak tampil di siswa, 1=tampil siswa'
) ENGINE=MyISAM DEFAULT CHARSET=utf8;

--
-- Dumping data for table `tugas`
--

INSERT INTO `tugas` (`id`, `mapel_id`, `pengajar_id`, `type_id`, `judul`, `durasi`, `info`, `aktif`, `tgl_buat`, `tampil_siswa`) VALUES
(2, 5, 8, 1, 'Membuat peta brebes', NULL, '<p>Contoh</p>\r\n', 1, '2020-02-18 21:45:11', 1),
(3, 4, 34, 3, 'Tugas Pilgan', 10, '', 0, '2020-02-20 10:12:31', 0);

-- --------------------------------------------------------

--
-- Table structure for table `tugas_kelas`
--

CREATE TABLE `tugas_kelas` (
  `id` int(11) NOT NULL,
  `tugas_id` int(11) NOT NULL,
  `kelas_id` int(11) NOT NULL
) ENGINE=MyISAM DEFAULT CHARSET=utf8;

--
-- Dumping data for table `tugas_kelas`
--

INSERT INTO `tugas_kelas` (`id`, `tugas_id`, `kelas_id`) VALUES
(1, 1, 2),
(2, 2, 2),
(3, 2, 4),
(4, 3, 4);

-- --------------------------------------------------------

--
-- Table structure for table `tugas_pertanyaan`
--

CREATE TABLE `tugas_pertanyaan` (
  `id` int(11) NOT NULL,
  `pertanyaan` text NOT NULL,
  `urutan` int(11) NOT NULL,
  `tugas_id` int(11) NOT NULL,
  `aktif` tinyint(1) NOT NULL DEFAULT 1
) ENGINE=MyISAM DEFAULT CHARSET=utf8;

--
-- Indexes for dumped tables
--

--
-- Indexes for table `field_tambahan`
--
ALTER TABLE `field_tambahan`
  ADD PRIMARY KEY (`id`);

--
-- Indexes for table `kelas`
--
ALTER TABLE `kelas`
  ADD PRIMARY KEY (`id`),
  ADD KEY `parent_id` (`parent_id`),
  ADD KEY `parent_id_2` (`parent_id`);

--
-- Indexes for table `kelas_siswa`
--
ALTER TABLE `kelas_siswa`
  ADD PRIMARY KEY (`id`),
  ADD KEY `kelas_id` (`kelas_id`,`siswa_id`),
  ADD KEY `kelas_id_2` (`kelas_id`,`siswa_id`);

--
-- Indexes for table `komentar`
--
ALTER TABLE `komentar`
  ADD PRIMARY KEY (`id`),
  ADD KEY `login_id` (`login_id`,`materi_id`),
  ADD KEY `login_id_2` (`login_id`,`materi_id`);

--
-- Indexes for table `login`
--
ALTER TABLE `login`
  ADD PRIMARY KEY (`id`),
  ADD KEY `username` (`username`,`siswa_id`,`pengajar_id`),
  ADD KEY `username_2` (`username`,`siswa_id`,`pengajar_id`);

--
-- Indexes for table `login_log`
--
ALTER TABLE `login_log`
  ADD PRIMARY KEY (`id`),
  ADD KEY `login_id` (`login_id`),
  ADD KEY `login_id_2` (`login_id`),
  ADD KEY `login_id_3` (`login_id`);

--
-- Indexes for table `mapel`
--
ALTER TABLE `mapel`
  ADD PRIMARY KEY (`id`);

--
-- Indexes for table `mapel_ajar`
--
ALTER TABLE `mapel_ajar`
  ADD PRIMARY KEY (`id`),
  ADD KEY `hari_id` (`hari_id`,`pengajar_id`,`mapel_kelas_id`),
  ADD KEY `hari_id_2` (`hari_id`,`pengajar_id`,`mapel_kelas_id`);

--
-- Indexes for table `mapel_kelas`
--
ALTER TABLE `mapel_kelas`
  ADD PRIMARY KEY (`id`),
  ADD KEY `kelas_id` (`kelas_id`,`mapel_id`),
  ADD KEY `kelas_id_2` (`kelas_id`,`mapel_id`);

--
-- Indexes for table `materi`
--
ALTER TABLE `materi`
  ADD PRIMARY KEY (`id`),
  ADD KEY `mapel_id` (`mapel_id`,`pengajar_id`,`siswa_id`),
  ADD KEY `mapel_id_2` (`mapel_id`,`pengajar_id`,`siswa_id`);

--
-- Indexes for table `materi_kelas`
--
ALTER TABLE `materi_kelas`
  ADD PRIMARY KEY (`id`),
  ADD KEY `materi_id` (`materi_id`,`kelas_id`),
  ADD KEY `materi_id_2` (`materi_id`,`kelas_id`);

--
-- Indexes for table `messages`
--
ALTER TABLE `messages`
  ADD PRIMARY KEY (`id`),
  ADD KEY `type_id` (`type_id`,`owner_id`,`sender_receiver_id`),
  ADD KEY `type_id_2` (`type_id`,`owner_id`,`sender_receiver_id`);

--
-- Indexes for table `nilai_tugas`
--
ALTER TABLE `nilai_tugas`
  ADD PRIMARY KEY (`id`),
  ADD KEY `tugas_id` (`tugas_id`,`siswa_id`),
  ADD KEY `tugas_id_2` (`tugas_id`,`siswa_id`);

--
-- Indexes for table `pengajar`
--
ALTER TABLE `pengajar`
  ADD PRIMARY KEY (`id`),
  ADD KEY `nip` (`nip`),
  ADD KEY `nip_2` (`nip`);

--
-- Indexes for table `pengaturan`
--
ALTER TABLE `pengaturan`
  ADD PRIMARY KEY (`id`);

--
-- Indexes for table `pengumuman`
--
ALTER TABLE `pengumuman`
  ADD PRIMARY KEY (`id`),
  ADD KEY `pengajar_id` (`pengajar_id`),
  ADD KEY `pengajar_id_2` (`pengajar_id`);

--
-- Indexes for table `pilihan`
--
ALTER TABLE `pilihan`
  ADD PRIMARY KEY (`id`),
  ADD KEY `pertanyaan_id` (`pertanyaan_id`),
  ADD KEY `pertanyaan_id_2` (`pertanyaan_id`,`kunci`);

--
-- Indexes for table `siswa`
--
ALTER TABLE `siswa`
  ADD PRIMARY KEY (`id`),
  ADD KEY `nis` (`nis`,`nama`,`status_id`),
  ADD KEY `nis_2` (`nis`,`nama`,`status_id`);

--
-- Indexes for table `tahun_ajaran`
--
ALTER TABLE `tahun_ajaran`
  ADD PRIMARY KEY (`id`);

--
-- Indexes for table `tugas`
--
ALTER TABLE `tugas`
  ADD PRIMARY KEY (`id`),
  ADD KEY `mapel_id` (`mapel_id`,`pengajar_id`,`type_id`),
  ADD KEY `mapel_id_2` (`mapel_id`,`pengajar_id`,`type_id`);

--
-- Indexes for table `tugas_kelas`
--
ALTER TABLE `tugas_kelas`
  ADD PRIMARY KEY (`id`),
  ADD KEY `tugas_id` (`tugas_id`,`kelas_id`),
  ADD KEY `tugas_id_2` (`tugas_id`,`kelas_id`);

--
-- Indexes for table `tugas_pertanyaan`
--
ALTER TABLE `tugas_pertanyaan`
  ADD PRIMARY KEY (`id`),
  ADD KEY `tugas_id` (`tugas_id`),
  ADD KEY `tugas_id_2` (`tugas_id`);

--
-- AUTO_INCREMENT for dumped tables
--

--
-- AUTO_INCREMENT for table `kelas`
--
ALTER TABLE `kelas`
  MODIFY `id` int(11) NOT NULL AUTO_INCREMENT, AUTO_INCREMENT=20;

--
-- AUTO_INCREMENT for table `kelas_siswa`
--
ALTER TABLE `kelas_siswa`
  MODIFY `id` int(11) NOT NULL AUTO_INCREMENT, AUTO_INCREMENT=3;

--
-- AUTO_INCREMENT for table `komentar`
--
ALTER TABLE `komentar`
  MODIFY `id` int(11) NOT NULL AUTO_INCREMENT;

--
-- AUTO_INCREMENT for table `login`
--
ALTER TABLE `login`
  MODIFY `id` int(11) NOT NULL AUTO_INCREMENT, AUTO_INCREMENT=51;

--
-- AUTO_INCREMENT for table `login_log`
--
ALTER TABLE `login_log`
  MODIFY `id` int(11) NOT NULL AUTO_INCREMENT, AUTO_INCREMENT=43;

--
-- AUTO_INCREMENT for table `mapel`
--
ALTER TABLE `mapel`
  MODIFY `id` int(11) NOT NULL AUTO_INCREMENT, AUTO_INCREMENT=17;

--
-- AUTO_INCREMENT for table `mapel_ajar`
--
ALTER TABLE `mapel_ajar`
  MODIFY `id` int(11) NOT NULL AUTO_INCREMENT, AUTO_INCREMENT=304;

--
-- AUTO_INCREMENT for table `mapel_kelas`
--
ALTER TABLE `mapel_kelas`
  MODIFY `id` int(11) NOT NULL AUTO_INCREMENT, AUTO_INCREMENT=202;

--
-- AUTO_INCREMENT for table `materi`
--
ALTER TABLE `materi`
  MODIFY `id` int(11) NOT NULL AUTO_INCREMENT, AUTO_INCREMENT=48;

--
-- AUTO_INCREMENT for table `materi_kelas`
--
ALTER TABLE `materi_kelas`
  MODIFY `id` int(11) NOT NULL AUTO_INCREMENT, AUTO_INCREMENT=3;

--
-- AUTO_INCREMENT for table `messages`
--
ALTER TABLE `messages`
  MODIFY `id` int(11) NOT NULL AUTO_INCREMENT, AUTO_INCREMENT=5;

--
-- AUTO_INCREMENT for table `nilai_tugas`
--
ALTER TABLE `nilai_tugas`
  MODIFY `id` int(11) NOT NULL AUTO_INCREMENT, AUTO_INCREMENT=3;

--
-- AUTO_INCREMENT for table `pengajar`
--
ALTER TABLE `pengajar`
  MODIFY `id` int(11) NOT NULL AUTO_INCREMENT, AUTO_INCREMENT=48;

--
-- AUTO_INCREMENT for table `pengumuman`
--
ALTER TABLE `pengumuman`
  MODIFY `id` int(11) NOT NULL AUTO_INCREMENT, AUTO_INCREMENT=2;

--
-- AUTO_INCREMENT for table `pilihan`
--
ALTER TABLE `pilihan`
  MODIFY `id` int(11) NOT NULL AUTO_INCREMENT;

--
-- AUTO_INCREMENT for table `siswa`
--
ALTER TABLE `siswa`
  MODIFY `id` int(11) NOT NULL AUTO_INCREMENT, AUTO_INCREMENT=4;

--
-- AUTO_INCREMENT for table `tahun_ajaran`
--
ALTER TABLE `tahun_ajaran`
  MODIFY `id` bigint(11) NOT NULL AUTO_INCREMENT, AUTO_INCREMENT=5;

--
-- AUTO_INCREMENT for table `tugas`
--
ALTER TABLE `tugas`
  MODIFY `id` int(11) NOT NULL AUTO_INCREMENT, AUTO_INCREMENT=4;

--
-- AUTO_INCREMENT for table `tugas_kelas`
--
ALTER TABLE `tugas_kelas`
  MODIFY `id` int(11) NOT NULL AUTO_INCREMENT, AUTO_INCREMENT=5;

--
-- AUTO_INCREMENT for table `tugas_pertanyaan`
--
ALTER TABLE `tugas_pertanyaan`
  MODIFY `id` int(11) NOT NULL AUTO_INCREMENT;
COMMIT;

/*!40101 SET CHARACTER_SET_CLIENT=@OLD_CHARACTER_SET_CLIENT */;
/*!40101 SET CHARACTER_SET_RESULTS=@OLD_CHARACTER_SET_RESULTS */;
/*!40101 SET COLLATION_CONNECTION=@OLD_COLLATION_CONNECTION */;
